{"cameraMode":{"drawMode":0,"name":"Shaded","section":"Shading Mode"},"sceneLighting":false,"audioPlay":false,"sceneViewState":{"showFog":true,"showMaterialUpdate":false,"showSkybox":false,"showFlares":true,"showImageEffects":true,"showParticleSystems":true},"in2DMode":false,"pivot":{"x":5.341861248016357,"y":2.8517038822174074,"z":-18.861862182617189},"rotation":{"x":-0.010030815377831459,"y":0.29550397396087649,"z":0.0031029030214995147,"w":0.9552846550941467},"size":0.6760290265083313,"orthographic":false}